Entity,Code,Year,Disposable Gini,Market Gini,World region according to OWID
Australia,AUS,2018,0.325,0.454,Oceania
Austria,AUT,2018,0.28,0.494,Europe
Belgium,BEL,2018,0.258,0.49,Europe
Brazil,BRA,2013,0.47,0.575,South America
Bulgaria,BGR,2018,0.408,0.528,Europe
Canada,CAN,2019,0.301,0.421,North America
Chile,CHL,2017,0.46,0.495,South America
China (People's Republic of),,2011,0.514,0.548,
Costa Rica,CRI,2020,0.497,0.576,North America
Czech Republic,,2018,0.249,0.431,
Denmark,DNK,2017,0.264,0.446,Europe
Estonia,EST,2018,0.305,0.44,Europe
Finland,FIN,2018,0.269,0.509,Europe
France,FRA,2018,0.301,0.529,Europe
Germany,DEU,2018,0.289,0.494,Europe
Greece,GRC,2018,0.306,0.517,Europe
Hungary,HUN,2017,0.289,0.478,Europe
Iceland,ISL,2017,0.25,0.369,Europe
India,IND,2011,0.495,0.508,Asia
Ireland,IRL,2018,0.292,0.52,Europe
Israel,ISR,2018,0.348,0.444,Asia
Italy,ITA,2018,0.33,0.511,Europe
Japan,JPN,2018,0.334,0.5,Asia
Korea,,2018,0.345,0.402,
Latvia,LVA,2019,0.344,0.47,Europe
Lithuania,LTU,2018,0.361,0.503,Europe
Luxembourg,LUX,2018,0.318,0.49,Europe
Mexico,MEX,2018,0.418,0.43,North America
Netherlands,NLD,2016,0.285,0.445,Europe
New Zealand,NZL,2014,0.349,0.462,Oceania
Norway,NOR,2018,0.262,0.429,Europe
Poland,POL,2018,0.281,0.452,Europe
Portugal,PRT,2018,0.317,0.512,Europe
Romania,ROU,2018,0.35,0.521,Europe
Russia,RUS,2017,0.317,0.434,Europe
Slovak Republic,,2018,0.236,0.387,
Slovenia,SVN,2018,0.249,0.443,Europe
South Africa,ZAF,2015,0.62,0.715,Africa
Spain,ESP,2018,0.33,0.506,Europe
Sweden,SWE,2019,0.28,0.43,Europe
Switzerland,CHE,2017,0.299,0.386,Europe
Turkey,TUR,2018,0.397,0.492,Asia
United Kingdom,GBR,2019,0.366,0.508,Europe
United States,USA,2017,0.39,0.505,North America