section,cluster_name,count
A 21st Century Curriculum,Social Sciences & Culture,1
A Liberal Arts College Experience,Academic Policies & Study Away,1
Academic Advising,Academic Policies & Study Away,5
Academic Integrity,Academic Policies & Study Away,5
Academic Integrity,Computer Science & Natural Sciences,1
Academic Recognition and Honors,Academic Policies & Study Away,5
Academic Resource Center,Academic Policies & Study Away,3
"Academic Warning, Probation, and Suspension for Students in the Class of 2025 and Beyond",Academic Policies & Study Away,10
"Academic Warning, Probation, and Suspension for Students in the Classes of 2022-2024",Academic Policies & Study Away,13
Accommodations,Academic Policies & Study Away,3
Animating Principles,Academic Policies & Study Away,1
Animating Principles,Social Sciences & Culture,2
Application Requirements,Academic Policies & Study Away,8
Application Requirements,Chinese Studies & History,2
Application Timelines,Academic Policies & Study Away,8
Application Timelines,Chinese Studies & History,2
Arts and Culture,Academic Policies & Study Away,1
Athletics & University Sports,Academic Policies & Study Away,5
Athletics & University Sports,Computer Science & Natural Sciences,1
Blue Oasis Student Center,Academic Policies & Study Away,1
Blue Oasis Student Center,Social Sciences & Culture,1
Campus Engagement,Academic Policies & Study Away,1
Campus Engagement,Social Sciences & Culture,1
Campus Health Clinic,Academic Policies & Study Away,2
Campus Programs,Academic Policies & Study Away,2
Campus Programs,Chinese Studies & History,1
Career Services,Academic Policies & Study Away,6
Career Services,Chinese Studies & History,1
Changes in Status,Academic Policies & Study Away,12
Chinese Student Services and Student Mobility,Academic Policies & Study Away,1
Chinese Student Services and Student Mobility,Chinese Studies & History,1
Class Attendance and Missed Work,Academic Policies & Study Away,4
Class Scheduling,Academic Policies & Study Away,1
Compliance with Academic Regulations,Academic Policies & Study Away,1
Counseling and Psychological Services (CAPS),Academic Policies & Study Away,1
Course Audit,Academic Policies & Study Away,2
Course Descriptions,Academic Policies & Study Away,47
Course Descriptions,"Arts, Media & Humanities",228
Course Descriptions,Chinese Studies & History,186
Course Descriptions,Computer Science & Natural Sciences,276
Course Descriptions,Course Prerequisites,159
Course Descriptions,Environmental & Health Sciences,122
Course Descriptions,Political Science & Public Policy,145
Course Descriptions,Social Sciences & Culture,336
Course Repeat,Academic Policies & Study Away,7
Declaration of Major,Academic Policies & Study Away,2
Degree Requirements,Academic Policies & Study Away,21
Degree Requirements,Chinese Studies & History,1
Degree Requirements,Computer Science & Natural Sciences,1
Degree Requirements,Social Sciences & Culture,7
Dual Degrees,Academic Policies & Study Away,1
Duke Kunshan University Community Standard,Academic Policies & Study Away,1
Education Records,Academic Policies & Study Away,4
Eligibility for Courses,Academic Policies & Study Away,4
Entrance Credit and Placement,Academic Policies & Study Away,16
Entrance Credit and Placement,Chinese Studies & History,1
Estimated Expenses,Academic Policies & Study Away,17
Estimated Expenses,Chinese Studies & History,2
Exclusion of Disruptive Students from a Course,Academic Policies & Study Away,2
Final Examinations,Academic Policies & Study Away,3
Grade Review Procedure,Academic Policies & Study Away,9
Grading and Grade Requirements,Academic Policies & Study Away,21
Grading and Grade Requirements,Computer Science & Natural Sciences,1
Graduation and Commencement,Academic Policies & Study Away,1
Host Family Program,Academic Policies & Study Away,1
How to Apply,Academic Policies & Study Away,1
Incomplete Coursework and Excused Absence from Final Exam,Academic Policies & Study Away,2
Independent Studies,Academic Policies & Study Away,2
International Student Services,Academic Policies & Study Away,2
Key Components,Academic Policies & Study Away,13
Key Components,Chinese Studies & History,2
Key Components,Computer Science & Natural Sciences,1
Key Components,Social Sciences & Culture,1
Leadership Development,Social Sciences & Culture,2
Majors (listed in alphabetical order),Academic Policies & Study Away,56
Majors (listed in alphabetical order),"Arts, Media & Humanities",127
Majors (listed in alphabetical order),Chinese Studies & History,57
Majors (listed in alphabetical order),Computer Science & Natural Sciences,157
Majors (listed in alphabetical order),Environmental & Health Sciences,101
Majors (listed in alphabetical order),Political Science & Public Policy,146
Majors (listed in alphabetical order),Social Sciences & Culture,47
Mission Statement,Academic Policies & Study Away,1
Notification and Responses,Academic Policies & Study Away,1
Notification of Intention to Graduate,Academic Policies & Study Away,1
Office of Global Education and Study Away,Academic Policies & Study Away,21
Overview,Academic Policies & Study Away,2
Overview,Social Sciences & Culture,3
Partners,Academic Policies & Study Away,2
Partners,Chinese Studies & History,4
Principles of Selection,Academic Policies & Study Away,2
Procedure for Resolution of Students' Academic Concerns,Academic Policies & Study Away,5
Progress toward Degree,Academic Policies & Study Away,8
Refund,Academic Policies & Study Away,13
Registration,Academic Policies & Study Away,7
Religious Holidays,Academic Policies & Study Away,1
Religious Holidays,Social Sciences & Culture,1
Requirements for All Majors,Academic Policies & Study Away,10
Requirements for All Majors,Chinese Studies & History,1
Requirements for All Majors,Computer Science & Natural Sciences,4
Requirements for All Majors,Course Prerequisites,1
Requirements for All Majors,Environmental & Health Sciences,1
Requirements for All Majors,Political Science & Public Policy,2
Requirements for All Majors,Social Sciences & Culture,4
Residence Life,Academic Policies & Study Away,1
Residence Life,Social Sciences & Culture,1
Scholarships and Financial Aid,Academic Policies & Study Away,5
Seven Principles of Duke Kunshan University Academic Advising,Social Sciences & Culture,2
Statement on Diversity and Inclusion,Academic Policies & Study Away,1
Statement on Diversity and Inclusion,Social Sciences & Culture,1
Student Affairs,Social Sciences & Culture,2
Student Affairs Conceptual Framework,Academic Policies & Study Away,1
Student Affairs Conceptual Framework,Social Sciences & Culture,1
Student Clubs and Organizations,Academic Policies & Study Away,1
Student Conduct,Academic Policies & Study Away,2
Student Conduct,Social Sciences & Culture,1
Student Research Opportunities,Academic Policies & Study Away,2
Submission of Term Paper,Academic Policies & Study Away,1
The Provision of Academic Information to Parents and Guardians,Academic Policies & Study Away,1
Time Limit for Completing Undergraduate Degree,Academic Policies & Study Away,1
Transfer of Work Taken Elsewhere,Academic Policies & Study Away,7
Tuition and Fees,Academic Policies & Study Away,2
Two-Credit Writing Courses,Academic Policies & Study Away,1
Undergraduate Course Load,Academic Policies & Study Away,21
Undergraduate Signature Work,Academic Policies & Study Away,9
Undergraduate Signature Work,Political Science & Public Policy,1
Undergraduate Signature Work,Social Sciences & Culture,3
Who We Are,Academic Policies & Study Away,6
